epoch,train_loss,train_acc,valid_loss,valid_acc
0,0.05450895825705054,0.32988338192419825,0.7987494365293153,0.9255102040816326
1,0.01963173584629369,0.3438775510204082,0.8376240866524832,0.9316326530612244
